{"loss": [3767.1455078125, 930.3192749023438, 124.43878173828125, 40.258243560791016, 34.36421203613281, 31.920421600341797, 28.569265365600586, 23.9166316986084, 22.205768585205078, 23.147796630859375, 19.462162017822266, 18.36684226989746, 17.278871536254883, 14.759336471557617, 14.744394302368164, 13.483113288879395, 12.575693130493164, 11.779062271118164, 12.74350643157959, 12.845654487609863, 10.956047058105469, 12.12185001373291, 10.686245918273926, 9.786319732666016, 9.08657169342041, 9.558021545410156, 8.494218826293945, 9.17634391784668, 9.245885848999023, 8.248638153076172, 9.232617378234863, 7.5117902755737305, 8.74148178100586, 7.474198818206787, 7.237614631652832, 7.317085266113281, 7.4051194190979, 7.860045433044434, 6.616842746734619, 7.231800079345703, 7.122270107269287, 7.318887233734131, 6.369561195373535, 6.609536647796631, 6.603794097900391, 8.00918960571289, 6.812596797943115, 6.772028923034668, 6.682620525360107, 6.7460527420043945, 6.967208385467529, 6.171295642852783, 6.507199287414551, 6.754063129425049, 6.576503753662109, 6.83640718460083, 6.649580478668213, 6.84570837020874, 6.495142459869385, 6.386703968048096, 6.356330871582031, 6.709990978240967, 6.448324680328369, 6.194588661193848, 6.394681930541992, 6.095515251159668, 6.590180397033691, 6.450887680053711, 6.226512432098389, 6.309741973876953, 6.163978576660156, 6.707461833953857, 6.507507801055908, 6.174072265625, 6.631300926208496], "root_mean_squared_error": [61.3770751953125, 30.501134872436523, 11.155213356018066, 6.344938278198242, 5.862099647521973, 5.649816036224365, 5.345022678375244, 4.890463352203369, 4.712299823760986, 4.811215877532959, 4.411593914031982, 4.285655498504639, 4.15678596496582, 3.8417882919311523, 3.8398430347442627, 3.671935796737671, 3.546222448348999, 3.4320638179779053, 3.5698049068450928, 3.5840835571289062, 3.3099920749664307, 3.481644630432129, 3.268982410430908, 3.128309488296509, 3.0143940448760986, 3.0916049480438232, 2.9144842624664307, 3.029247999191284, 3.0407047271728516, 2.872044324874878, 3.038522243499756, 2.740764617919922, 2.956599712371826, 2.733898162841797, 2.690281629562378, 2.7050111293792725, 2.7212347984313965, 2.803577184677124, 2.572322368621826, 2.6892006397247314, 2.6687581539154053, 2.7053442001342773, 2.523798942565918, 2.570901870727539, 2.5697848796844482, 2.8300511837005615, 2.610095262527466, 2.6023123264312744, 2.5850765705108643, 2.5973165035247803, 2.639547109603882, 2.4842092990875244, 2.5509212017059326, 2.598858118057251, 2.564469575881958, 2.614652395248413, 2.5786781311035156, 2.6164305210113525, 2.5485570430755615, 2.5271928310394287, 2.52117657661438, 2.590364933013916, 2.5393552780151367, 2.4888930320739746, 2.528770923614502, 2.468909740447998, 2.5671346187591553, 2.5398597717285156, 2.495298147201538, 2.5119199752807617, 2.482736110687256, 2.589876890182495, 2.5509817600250244, 2.4847681522369385, 2.5751311779022217], "val_loss": [2803.0009765625, 324.4566955566406, 43.5675048828125, 17.934898376464844, 12.05846118927002, 13.473937034606934, 11.476910591125488, 9.737056732177734, 8.6766939163208, 8.961234092712402, 8.389199256896973, 7.954474925994873, 10.601571083068848, 8.73188304901123, 8.164270401000977, 7.574216842651367, 7.07171106338501, 7.55918550491333, 8.858650207519531, 7.404874324798584, 7.612877368927002, 7.017692565917969, 7.126964092254639, 7.032642841339111, 9.578825950622559, 8.02270793914795, 6.98429012298584, 7.0369696617126465, 7.546587944030762, 7.2296881675720215, 7.05592155456543, 7.967498779296875, 7.370672702789307, 7.171650409698486, 6.984443187713623, 6.888162612915039, 7.3969221115112305, 7.0394697189331055, 7.2876667976379395, 6.8956217765808105, 7.362799644470215, 7.141366958618164, 6.883787631988525, 7.0093302726745605, 6.949115753173828, 6.8421478271484375, 7.211376667022705, 6.911468505859375, 6.995923042297363, 6.916407108306885, 7.0182695388793945, 6.783722400665283, 6.7900519371032715, 6.891831874847412, 6.722248077392578, 6.761900424957275, 6.938804626464844, 6.881867408752441, 6.762985706329346, 6.79391622543335, 6.752354621887207, 6.786174297332764, 6.776374340057373, 6.809724807739258, 6.827535629272461, 6.775976181030273, 6.7506937980651855, 6.784026145935059, 6.768857002258301, 6.769339561462402, 6.73586893081665, 6.742645740509033, 6.739046573638916, 6.765799045562744, 6.768853187561035], "val_root_mean_squared_error": [52.94337463378906, 18.01268196105957, 6.6005682945251465, 4.23496150970459, 3.472529411315918, 3.6706862449645996, 3.38775897026062, 3.1204257011413574, 2.9456229209899902, 2.9935319423675537, 2.896411418914795, 2.8203678131103516, 3.25600528717041, 2.9549760818481445, 2.857318639755249, 2.752129554748535, 2.659268856048584, 2.7493972778320312, 2.976348400115967, 2.7211899757385254, 2.7591443061828613, 2.649092674255371, 2.669637441635132, 2.6519131660461426, 3.094967842102051, 2.8324384689331055, 2.6427807807922363, 2.652728796005249, 2.747105360031128, 2.688807964324951, 2.6562983989715576, 2.8226757049560547, 2.7148983478546143, 2.6779937744140625, 2.6428096294403076, 2.6245310306549072, 2.7197282314300537, 2.6531999111175537, 2.6995677947998047, 2.6259515285491943, 2.7134478092193604, 2.6723337173461914, 2.623697280883789, 2.6475138664245605, 2.636117458343506, 2.6157498359680176, 2.6854007244110107, 2.62896728515625, 2.6449806690216064, 2.629906177520752, 2.6492016315460205, 2.604557991027832, 2.6057727336883545, 2.625229835510254, 2.5927298069000244, 2.600365400314331, 2.6341609954833984, 2.623331308364868, 2.600574016571045, 2.6065142154693604, 2.59852933883667, 2.6050286293029785, 2.603147029876709, 2.6095449924468994, 2.612955331802368, 2.6030704975128174, 2.5982096195220947, 2.604616403579712, 2.6017026901245117, 2.6017954349517822, 2.595355272293091, 2.596660614013672, 2.5959672927856445, 2.6011149883270264, 2.6017019748687744], "learning_rate": [0.001500000013038516, 0.001500000013038516, 0.001500000013038516, 0.001500000013038516, 0.001500000013038516, 0.001500000013038516, 0.001500000013038516, 0.001500000013038516, 0.001500000013038516, 0.001500000013038516, 0.001500000013038516, 0.001500000013038516, 0.001500000013038516, 0.001500000013038516, 0.001500000013038516, 0.001500000013038516, 0.001500000013038516, 0.001500000013038516, 0.001500000013038516, 0.001500000013038516, 0.001500000013038516, 0.001500000013038516, 0.001500000013038516, 0.001500000013038516, 0.001500000013038516, 0.001500000013038516, 0.001500000013038516, 0.001500000013038516, 0.001500000013038516, 0.001500000013038516, 0.001500000013038516, 0.001500000013038516, 0.000750000006519258, 0.000750000006519258, 0.000750000006519258, 0.000750000006519258, 0.000750000006519258, 0.000750000006519258, 0.000750000006519258, 0.000750000006519258, 0.000750000006519258, 0.000375000003259629, 0.000375000003259629, 0.000375000003259629, 0.000375000003259629, 0.000375000003259629, 0.000375000003259629, 0.000375000003259629, 0.000375000003259629, 0.000375000003259629, 0.000375000003259629, 0.0001875000016298145, 0.0001875000016298145, 0.0001875000016298145, 0.0001875000016298145, 0.0001875000016298145, 0.0001875000016298145, 0.0001875000016298145, 0.0001875000016298145, 0.0001875000016298145, 9.375000081490725e-05, 9.375000081490725e-05, 9.375000081490725e-05, 9.375000081490725e-05, 9.375000081490725e-05, 4.6875000407453626e-05, 4.6875000407453626e-05, 4.6875000407453626e-05, 4.6875000407453626e-05, 4.6875000407453626e-05, 2.3437500203726813e-05, 2.3437500203726813e-05, 2.3437500203726813e-05, 2.3437500203726813e-05, 2.3437500203726813e-05]}